{
  "resources": {
    "Grass": {
      "Count": 23367,
      "Multiplier": 1,
      "Name": "Grass",
      "IsUnlocked": true,
      "HasTrail": true,
      "IconTextureKey": "grassIcon",
      "ResourceColor": {
        "B": 98,
        "G": 160,
        "R": 166,
        "A": 255
      }
    },
    "Cactus": {
      "Count": 3385,
      "Multiplier": 1,
      "Name": "Cactus",
      "IsUnlocked": false,
      "HasTrail": false,
      "IconTextureKey": "cactusIcon",
      "ResourceColor": {
        "B": 0,
        "G": 255,
        "R": 0,
        "A": 255
      }
    },
    "Flower": {
      "Count": 0,
      "Multiplier": 1,
      "Name": "Flower",
      "IsUnlocked": false,
      "HasTrail": false,
      "IconTextureKey": "flowerIcon",
      "ResourceColor": {
        "B": 255,
        "G": 0,
        "R": 255,
        "A": 255
      }
    },
    "Tree": {
      "Count": 0,
      "Multiplier": 1,
      "Name": "Tree",
      "IsUnlocked": false,
      "HasTrail": false,
      "IconTextureKey": "treeIcon",
      "ResourceColor": {
        "B": 143,
        "G": 212,
        "R": 255,
        "A": 255
      }
    }
  }
}